delete from customer_order_product;
delete from customer_order;
delete from product;
delete from customer;

insert into customer (id, name, email, birthday, version) values (1001, 'Customer 1', 'customer1@gmail.com', '1980-01-01 00:00:00', 1);
insert into customer (id, name, email, birthday, version) values (1002, 'Customer 2', 'customer2@gmail.com', '1980-01-01 00:00:00', 1);
insert into customer (id, name, email, birthday, version) values (1003, 'Customer 3', 'customer3@gmail.com', '1980-01-01 00:00:00', 1);
insert into customer (id, name, email, birthday, version) values (1004, 'Customer 4', 'customer4@gmail.com', '1980-01-01 00:00:00', 1);
insert into customer (id, name, email, birthday, version) values (1005, 'Customer 5', 'customer5@gmail.com', '1980-01-01 00:00:00', 1);
insert into customer (id, name, email, birthday, version) values (1006, 'Customer 6', 'customer6@gmail.com', '1980-01-01 00:00:00', 1);
insert into customer (id, name, email, birthday, version) values (1007, 'Customer 7', 'customer7@gmail.com', '1980-01-01 00:00:00', 1);
insert into customer (id, name, email, birthday, version) values (1008, 'Customer 8', 'customer8@gmail.com', '1980-01-01 00:00:00', 1);
insert into customer (id, name, email, birthday, version) values (1009, 'Customer 9', 'customer9@gmail.com', '1980-01-01 00:00:00', 1);
insert into customer (id, name, email, birthday, version) values (10010, 'Customer 10', 'customer10@gmail.com', '1980-01-01 00:00:00', 1);
insert into customer (id, name, email, birthday, version) values (10011, 'Customer 11', 'customer11@gmail.com', '1980-01-01 00:00:00', 1);
insert into customer (id, name, email, birthday, version) values (10012, 'Customer 12', 'customer12@gmail.com', '1980-01-01 00:00:00', 1);
insert into customer (id, name, email, birthday, version) values (10013, 'Customer 13', 'customer13@gmail.com', '1980-01-01 00:00:00', 1);
insert into customer (id, name, email, birthday, version) values (10014, 'Customer 14', 'customer14@gmail.com', '1980-01-01 00:00:00', 1);
insert into customer (id, name, email, birthday, version) values (10015, 'Customer 15', 'customer15@gmail.com', '1980-01-01 00:00:00', 1);
insert into customer (id, name, email, birthday, version) values (10016, 'Customer 16', 'customer16@gmail.com', '1980-01-01 00:00:00', 1);
insert into customer (id, name, email, birthday, version) values (10017, 'Customer 17', 'customer17@gmail.com', '1980-01-01 00:00:00', 1);
insert into customer (id, name, email, birthday, version) values (10018, 'Customer 18', 'customer18@gmail.com', '1980-01-01 00:00:00', 1);
insert into customer (id, name, email, birthday, version) values (10019, 'Customer 19', 'customer19@gmail.com', '1980-01-01 00:00:00', 1);
insert into customer (id, name, email, birthday, version) values (10020, 'Customer 20', 'customer20@gmail.com', '1980-01-01 00:00:00', 1);
insert into customer (id, name, email, birthday, version) values (10021, 'Customer 21', 'customer21@gmail.com', '1980-01-01 00:00:00', 1);
insert into customer (id, name, email, birthday, version) values (10022, 'Customer 22', 'customer22@gmail.com', '1980-01-01 00:00:00', 1);
insert into customer (id, name, email, birthday, version) values (10023, 'Customer 23', 'customer23@gmail.com', '1980-01-01 00:00:00', 1);
insert into customer (id, name, email, birthday, version) values (10024, 'Customer 24', 'customer24@gmail.com', '1980-01-01 00:00:00', 1);
insert into customer (id, name, email, birthday, version) values (10025, 'Customer 25', 'customer25@gmail.com', '1980-01-01 00:00:00', 1);
insert into customer (id, name, email, birthday, version) values (10026, 'Customer 26', 'customer26@gmail.com', '1980-01-01 00:00:00', 1);
insert into customer (id, name, email, birthday, version) values (10027, 'Customer 27', 'customer27@gmail.com', '1980-01-01 00:00:00', 1);
insert into customer (id, name, email, birthday, version) values (10028, 'Customer 28', 'customer28@gmail.com', '1980-01-01 00:00:00', 1);
insert into customer (id, name, email, birthday, version) values (10029, 'Customer 29', 'customer29@gmail.com', '1980-01-01 00:00:00', 1);
insert into customer (id, name, email, birthday, version) values (10030, 'Customer 30', 'customer30@gmail.com', '1980-01-01 00:00:00', 1);
insert into customer (id, name, email, birthday, version) values (10031, 'Customer 31', 'customer31@gmail.com', '1980-01-01 00:00:00', 1);
insert into customer (id, name, email, birthday, version) values (10032, 'Customer 32', 'customer32@gmail.com', '1980-01-01 00:00:00', 1);
insert into customer (id, name, email, birthday, version) values (10033, 'Customer 33', 'customer33@gmail.com', '1980-01-01 00:00:00', 1);
insert into customer (id, name, email, birthday, version) values (10034, 'Customer 34', 'customer34@gmail.com', '1980-01-01 00:00:00', 1);
insert into customer (id, name, email, birthday, version) values (10035, 'Customer 35', 'customer35@gmail.com', '1980-01-01 00:00:00', 1);
insert into customer (id, name, email, birthday, version) values (10036, 'Customer 36', 'customer36@gmail.com', '1980-01-01 00:00:00', 1);
insert into customer (id, name, email, birthday, version) values (10037, 'Customer 37', 'customer37@gmail.com', '1980-01-01 00:00:00', 1);
insert into customer (id, name, email, birthday, version) values (10038, 'Customer 38', 'customer38@gmail.com', '1980-01-01 00:00:00', 1);
insert into customer (id, name, email, birthday, version) values (10039, 'Customer 39', 'customer39@gmail.com', '1980-01-01 00:00:00', 1);
insert into customer (id, name, email, birthday, version) values (10040, 'Customer 40', 'customer40@gmail.com', '1980-01-01 00:00:00', 1);
insert into customer (id, name, email, birthday, version) values (10041, 'Customer 41', 'customer41@gmail.com', '1980-01-01 00:00:00', 1);
insert into customer (id, name, email, birthday, version) values (10042, 'Customer 42', 'customer42@gmail.com', '1980-01-01 00:00:00', 1);
insert into customer (id, name, email, birthday, version) values (10043, 'Customer 43', 'customer43@gmail.com', '1980-01-01 00:00:00', 1);
insert into customer (id, name, email, birthday, version) values (10044, 'Customer 44', 'customer44@gmail.com', '1980-01-01 00:00:00', 1);
insert into customer (id, name, email, birthday, version) values (10045, 'Customer 45', 'customer45@gmail.com', '1980-01-01 00:00:00', 1);
insert into customer (id, name, email, birthday, version) values (10046, 'Customer 46', 'customer46@gmail.com', '1980-01-01 00:00:00', 1);
insert into customer (id, name, email, birthday, version) values (10047, 'Customer 47', 'customer47@gmail.com', '1980-01-01 00:00:00', 1);
insert into customer (id, name, email, birthday, version) values (10048, 'Customer 48', 'customer48@gmail.com', '1980-01-01 00:00:00', 1);
insert into customer (id, name, email, birthday, version) values (10049, 'Customer 49', 'customer49@gmail.com', '1980-01-01 00:00:00', 1);
insert into customer (id, name, email, birthday, version) values (10050, 'Customer 50', 'customer50@gmail.com', '1980-01-01 00:00:00', 1);

insert into product (id, name, description, in_stock, price, version) values (1001, 'Produto 1', 'Descrição Produto 1', true, 100, 1);
insert into product (id, name, description, in_stock, price, version) values (1002, 'Produto 2', 'Descrição Produto 2', true, 1001, 1);
insert into product (id, name, description, in_stock, price, version) values (1003, 'Produto 3', 'Descrição Produto 3', true, 130, 1);
insert into product (id, name, description, in_stock, price, version) values (1004, 'Produto 4', 'Descrição Produto 4', true, 130, 1);
insert into product (id, name, description, in_stock, price, version) values (1005, 'Produto 5', 'Descrição Produto 5', true, 10, 1);
insert into product (id, name, description, in_stock, price, version) values (1006, 'Produto 6', 'Descrição Produto 6', true, 50, 1);

insert into customer_order (id, customer, version) values (1001, 1001, 1);
insert into customer_order_product (customer_order, product) values (1001, 1001);
insert into customer_order_product (customer_order, product) values (1001, 1002);
insert into customer_order_product (customer_order, product) values (1001, 1003);


insert into customer_order (id, customer, version) values (1002, 1002, 1);
insert into customer_order_product (customer_order, product) values (1002, 1001);
insert into customer_order_product (customer_order, product) values (1002, 1002);
insert into customer_order_product (customer_order, product) values (1002, 1003);